{
  "北京": [
    116.3912972,
    39.9057136
  ],
  "合肥": [
    117.281428,
    31.8665676
  ],
  "威海": [
    122.1152599,
    37.5120997
  ],
  "成都": [
    104.063315,
    30.659867
  ],
  "长沙": [
    112.9708685,
    28.1987538
  ],
  "南京": [
    118.7788631,
    32.0438284
  ],
  "西安": [
    108.9423363,
    34.261004
  ],
  "长春": [
    125.3180998,
    43.8844201
  ],
  "武汉": [
    114.2889707,
    30.5611595
  ],
  "青岛": [
    120.3777659,
    36.0663249
  ],
  "郑州": [
    113.6536663,
    34.7475076
  ],
  "上海": [
    121.4700152,
    31.2312707
  ],
  "苏州": [
    120.6212881,
    31.311123
  ],
  "克拉玛依": [
    84.8867252,
    45.5778068
  ],
  "重庆": [
    106.5842092,
    29.5697328
  ],
  "哈尔滨": [
    126.6276177,
    45.7593633
  ],
  "湘潭": [
    112.626292,
    27.681864
  ],
  "赣州": [
    115.348216,
    25.703866
  ],
  "焦作": [
    113.143889,
    35.1375
  ],
  "天津": [
    117.4163641,
    39.3032619
  ],
  "济南": [
    117.1138479,
    36.6519754
  ],
  "乌鲁木齐": [
    87.6139038,
    43.8244074
  ],
  "石河子": [
    86.0775574,
    44.3017013
  ],
  "西宁": [
    101.440811,
    36.824463
  ],
  "新乡": [
    114.051111,
    35.308611
  ],
  "开封": [
    114.497222,
    34.604167
  ],
  "南宁": [
    108.3627211,
    22.8193063
  ],
  "兰州": [
    103.8485056,
    36.034178
  ],
  "伊宁": [
    81.666667,
    44.0
  ],
  "洛阳": [
    112.4477046,
    34.6196539
  ],
  "温州": [
    120.695345,
    27.9963899
  ],
  "乐山": [
    103.5966083,
    29.2233495
  ]
}